t0.svg,0.0
t1.svg,0.13636363636363635
t2.svg,0.5476190476190477
t3.svg,0.88
t4.svg,0.9130434782608695
t5.svg,0.0
t6.svg,0.6907216494845361
t7.svg,0.34523809523809523
t8.svg,0.5476190476190477
t9.svg,0.968503937007874
