t0.svg,0.0
t1.svg,0.08333333333333333
t2.svg,0.17777777777777778
t3.svg,0.12777777777777777
t4.svg,0.2222222222222222
t5.svg,0.20555555555555555
t6.svg,0.2222222222222222
t7.svg,0.4222222222222222
t8.svg,0.37222222222222223
t9.svg,0.5388888888888889
