t0.svg,0.0
t1.svg,0.8461538461538461
t2.svg,0.125
t3.svg,0.0
t4.svg,0.7916666666666666
t5.svg,0.6666666666666666
t6.svg,0.0
t7.svg,0.8352941176470589
t8.svg,0.6818181818181818
t9.svg,0.8571428571428571
