t0.svg,0.0
t1.svg,0.5590551181102362
t2.svg,0.8333333333333334
t3.svg,0.18518518518518517
t4.svg,0.8117647058823529
t5.svg,0.7096774193548387
t6.svg,0.5454545454545454
t7.svg,0.2631578947368421
t8.svg,0.0
t9.svg,0.8367346938775511
