t0.svg,0.0
t1.svg,0.04924242424242424
t2.svg,0.10606060606060606
t3.svg,0.12121212121212122
t4.svg,0.14393939393939395
t5.svg,0.16666666666666666
t6.svg,0.25757575757575757
t7.svg,0.4015151515151515
t8.svg,0.2689393939393939
t9.svg,0.3068181818181818
